{
  "FO": [
    {"tradingDate":"26-Jan-2026","weekDay":"Monday","description":"Republic Day","morning_session":null,"evening_session":null,"Sr_no":1},
    {"tradingDate":"15-Feb-2026","weekDay":"Sunday","description":"Mahashivratri","morning_session":null,"evening_session":null,"Sr_no":2},
    {"tradingDate":"03-Mar-2026","weekDay":"Tuesday","description":"Holi","morning_session":null,"evening_session":null,"Sr_no":3},
    {"tradingDate":"21-Mar-2026","weekDay":"Saturday","description":"Id-Ul-Fitr (Ramadan Eid)","morning_session":null,"evening_session":null,"Sr_no":4},
    {"tradingDate":"26-Mar-2026","weekDay":"Thursday","description":"Shri Ram Navami","morning_session":null,"evening_session":null,"Sr_no":5},
    {"tradingDate":"31-Mar-2026","weekDay":"Tuesday","description":"Shri Mahavir Jayanti","morning_session":null,"evening_session":null,"Sr_no":6},
    {"tradingDate":"03-Apr-2026","weekDay":"Friday","description":"Good Friday","morning_session":null,"evening_session":null,"Sr_no":7},
    {"tradingDate":"14-Apr-2026","weekDay":"Tuesday","description":"Dr. Baba Saheb Ambedkar Jayanti","morning_session":null,"evening_session":null,"Sr_no":8},
    {"tradingDate":"01-May-2026","weekDay":"Friday","description":"Maharashtra Day","morning_session":null,"evening_session":null,"Sr_no":9},
    {"tradingDate":"28-May-2026","weekDay":"Thursday","description":"Bakri Id","morning_session":null,"evening_session":null,"Sr_no":10},
    {"tradingDate":"26-Jun-2026","weekDay":"Friday","description":"Muharram","morning_session":null,"evening_session":null,"Sr_no":11},
    {"tradingDate":"15-Aug-2026","weekDay":"Saturday","description":"Independence Day","morning_session":null,"evening_session":null,"Sr_no":12},
    {"tradingDate":"14-Sep-2026","weekDay":"Monday","description":"Ganesh Chaturthi","morning_session":null,"evening_session":null,"Sr_no":13},
    {"tradingDate":"02-Oct-2026","weekDay":"Friday","description":"Mahatma Gandhi Jayanti","morning_session":null,"evening_session":null,"Sr_no":14},
    {"tradingDate":"20-Oct-2026","weekDay":"Tuesday","description":"Dussehra","morning_session":null,"evening_session":null,"Sr_no":15},
    {"tradingDate":"08-Nov-2026","weekDay":"Sunday","description":"Diwali Laxmi Pujan*","morning_session":null,"evening_session":null,"Sr_no":16},
    {"tradingDate":"10-Nov-2026","weekDay":"Tuesday","description":"Diwali-Balipratipada","morning_session":null,"evening_session":null,"Sr_no":17},
    {"tradingDate":"24-Nov-2026","weekDay":"Tuesday","description":"Prakash Gurpurb Sri Guru Nanak Dev","morning_session":null,"evening_session":null,"Sr_no":18},
    {"tradingDate":"25-Dec-2026","weekDay":"Friday","description":"Christmas","morning_session":null,"evening_session":null,"Sr_no":19}
  ]
}
